[
  {
    "Client Key": "C1647071",
    "First Name": "F",
    "Middle Name": "M",
    "Last Name": "L",
    "Birth Date": "20-11-2020",
    "Height": "6",
    "Weight": "124",
    "Billing Address": "Street, City, State-PostalCode (Country)",
    "Created Date": "04.12.2020"
  },
  {
    "Client Key": "C1647071",
    "First Name": "F",
    "Middle Name": "M",
    "Last Name": "L",
    "Birth Date": "20-11-2020",
    "Height": "6",
    "Weight": "124",
    "Billing Address": "Street, City, State-PostalCode (Country)",
    "Created Date": "04.12.2020"
  }
]