<?xml version="1.0" encoding="UTF-8"?>
<mule xmlns:doc="http://www.mulesoft.org/schema/mule/documentation" xmlns="http://www.mulesoft.org/schema/mule/core" xmlns:apikit="http://www.mulesoft.org/schema/mule/mule-apikit" xmlns:http="http://www.mulesoft.org/schema/mule/http" xmlns:xsi="http://www.w3.org/2001/XMLSchema-instance" xsi:schemaLocation="http://www.mulesoft.org/schema/mule/core http://www.mulesoft.org/schema/mule/core/current/mule.xsd http://www.mulesoft.org/schema/mule/http http://www.mulesoft.org/schema/mule/http/current/mule-http.xsd http://www.mulesoft.org/schema/mule/mule-apikit http://www.mulesoft.org/schema/mule/mule-apikit/current/mule-apikit.xsd ">
        <flow name="ctmr-mgmt-customer-out-api-main">
        <http:listener config-ref="ctmr-mgmt-customer-out-api-httpListenerConfig" path="${api.basePath}">
            <http:response statusCode="#[vars.httpStatus default 200]">
                <http:headers><![CDATA[#[vars.outboundHeaders default {}]]]></http:headers>
            </http:response>
            <http:error-response statusCode="#[vars.httpStatus default 500]">
                <http:body><![CDATA[#[payload]]]></http:body>
                <http:headers><![CDATA[#[vars.outboundHeaders default {}]]]></http:headers>
            </http:error-response>
        </http:listener>
        <apikit:router config-ref="${api.name}" />
    </flow>
    <flow name="get:\out:ctmr-mgmt-customer-out-api-config">
        <logger level="INFO" doc:name="LOG {INFO} - GET call started" doc:id="c771bea9-47f3-4f1f-8299-dcee5232023b" message="POST call started"/>
		<flow-ref doc:id="348851dd-32f0-47b9-860f-a94d41b5443f" name="sf-clientList" doc:name="sf-clientList"/>
    </flow>
</mule>
