<?xml version="1.0" encoding="UTF-8"?>

<mule xmlns:ee="http://www.mulesoft.org/schema/mule/ee/core"
	xmlns="http://www.mulesoft.org/schema/mule/core" xmlns:doc="http://www.mulesoft.org/schema/mule/documentation"
	xmlns:xsi="http://www.w3.org/2001/XMLSchema-instance"
	xsi:schemaLocation="
http://www.mulesoft.org/schema/mule/ee/core http://www.mulesoft.org/schema/mule/ee/core/current/mule-ee.xsd http://www.mulesoft.org/schema/mule/core http://www.mulesoft.org/schema/mule/core/current/mule.xsd">	
	<error-handler name="error-handler-api">
		<on-error-propagate enableNotifications="true" logException="true" doc:name="On Error Propagate" doc:id="2564d7f8-aa0c-4565-bce6-f978437387e8" type="FTP:ILLEGAL_PATH">
					<logger level="INFO" doc:name="file doesn't exist" doc:id="d0333dab-0f2d-444e-8704-dee8f0fab018" message="file doesn't exist" />
					<ee:transform doc:name="File doesn't exist" doc:id="a80b9d82-57f8-4108-b97d-4b531e43a01d">
						<ee:message>
							<ee:set-payload><![CDATA[%dw 2.0
output application/json
---
{
	"status": "501",
	"message": "File doesn't Exist on the given path"
}]]></ee:set-payload>
						</ee:message>
					</ee:transform>
				</on-error-propagate>
		
		<on-error-propagate type="APIKIT:BAD_REQUEST">
			<ee:transform doc:name="DW - error" doc:id="a3fb9149-226c-4273-83b8-fba8bb66a4fd" >
				<ee:message >
					<ee:set-payload resource="dwfunctionsError/apikitBadRequest.dwl" />
				
</ee:message>
			</ee:transform>

		</on-error-propagate>
		<on-error-propagate type="APIKIT:NOT_FOUND">
			<ee:transform doc:name="DW - error" doc:id="8de6ba7b-8089-4bd9-bc36-c2cb6e65fc6c" >
				<ee:message >
					<ee:set-payload resource="dwfunctionsError/apikitNotFound.dwl" />
				
</ee:message>
			</ee:transform>

		</on-error-propagate>
		<on-error-propagate type="APIKIT:METHOD_NOT_ALLOWED">
			<ee:transform doc:name="DW - error" doc:id="5876614b-eced-4427-b42e-97b42a1fb70d" >
				<ee:message >
					<ee:set-payload resource="dwfunctionsError/apikitMethodNotAllowed.dwl" />
				
</ee:message>
			</ee:transform>

		</on-error-propagate>
		<on-error-propagate type="APIKIT:NOT_ACCEPTABLE">
			<ee:transform doc:name="DW - error" doc:id="a06e7dce-0db1-4fe2-b271-5ce368a69d5f" >
				<ee:message >
					<ee:set-payload resource="dwfunctionsError/apikitNotAcceptable.dwl" />
				
</ee:message>
			</ee:transform>

		</on-error-propagate>
		<on-error-propagate type="APIKIT:UNSUPPORTED_MEDIA_TYPE">
			<ee:transform doc:name="DW - error" doc:id="cea8b18d-8485-4696-af39-7892da4dc191" >
				<ee:message >
					<ee:set-payload resource="dwfunctionsError/apikitUnsupportedMediaType.dwl" />
				
</ee:message>
			</ee:transform>

		</on-error-propagate>
		<on-error-propagate type="APIKIT:NOT_IMPLEMENTED"
			doc:name="On Error Propagate" enableNotifications="true"
			logException="true">
			<ee:transform doc:name="DW - error" doc:id="44608d23-5d29-4de4-a88e-7b6e25f2768c" >
				<ee:message >
					<ee:set-payload resource="dwfunctionsError/apikitNotImplemented.dwl" />
				
</ee:message>
			</ee:transform>

		</on-error-propagate>
		<on-error-propagate enableNotifications="true" logException="true" doc:name="On Error Propagate" doc:id="b80d236e-41c5-4adb-9439-30e0645a8e5f" type="HTTP:BAD_REQUEST, HTTP:CLIENT_SECURITY, HTTP:CONNECTIVITY, HTTP:FORBIDDEN, HTTP:INTERNAL_SERVER_ERROR, HTTP:METHOD_NOT_ALLOWED, HTTP:NOT_ACCEPTABLE, HTTP:NOT_FOUND, HTTP:PARSING, HTTP:RETRY_EXHAUSTED, HTTP:SERVICE_UNAVAILABLE, HTTP:TIMEOUT, HTTP:TOO_MANY_REQUESTS, HTTP:UNAUTHORIZED, HTTP:UNSUPPORTED_MEDIA_TYPE">
			<ee:transform doc:name="DW - error" doc:id="49249a32-5a01-4ef3-be5c-6805fe607f09" >
				<ee:message >
					<ee:set-payload resource="dwfunctionsError/httpError.dwl" />
				
</ee:message>
			</ee:transform>

		</on-error-propagate>	
		<on-error-propagate enableNotifications="true" logException="true" doc:name="On Error Propagate" doc:id="62dc7ec8-9f71-4292-ba51-371b7e5c6f8a" type="ANY">
			<ee:transform doc:name="DW - error" doc:id="8082dcbf-fd91-4f35-9edc-d53266a2a0df" >
				<ee:message >
					<ee:set-payload resource="dwfunctionsError/apikitErrorOccured.dwl" />
				
</ee:message>
			</ee:transform>

		</on-error-propagate>
		

	
</error-handler>
	
</mule>
