<?xml version="1.0" encoding="UTF-8"?>

<mule xmlns:ftp="http://www.mulesoft.org/schema/mule/ftp"
	xmlns:apikit="http://www.mulesoft.org/schema/mule/mule-apikit"
	xmlns:http="http://www.mulesoft.org/schema/mule/http"
	xmlns:file="http://www.mulesoft.org/schema/mule/file"
	xmlns="http://www.mulesoft.org/schema/mule/core" xmlns:doc="http://www.mulesoft.org/schema/mule/documentation"
	xmlns:xsi="http://www.w3.org/2001/XMLSchema-instance"
	xsi:schemaLocation="
http://www.mulesoft.org/schema/mule/ftp http://www.mulesoft.org/schema/mule/ftp/current/mule-ftp.xsd 
http://www.mulesoft.org/schema/mule/mule-apikit http://www.mulesoft.org/schema/mule/mule-apikit/current/mule-apikit.xsd 
http://www.mulesoft.org/schema/mule/http http://www.mulesoft.org/schema/mule/http/current/mule-http.xsd 
http://www.mulesoft.org/schema/mule/file http://www.mulesoft.org/schema/mule/file/current/mule-file.xsd http://www.mulesoft.org/schema/mule/core http://www.mulesoft.org/schema/mule/core/current/mule.xsd">
	<http:listener-config name="ctmr-mgmt-customer-out-api-httpListenerConfig">
        <http:listener-connection host="${http.host}" port="${http.port}" />
    </http:listener-config>
    <apikit:config name="${api.name}" api="ctmr-mgmt-customer-out-api.raml" outboundHeadersMapName="outboundHeaders" httpStatusVarName="httpStatus" />
	<configuration doc:name="Configuration" doc:id="f226b259-df22-400a-8df8-533715bd56d4" defaultErrorHandler-ref="error-handler-api" />
	<configuration-properties doc:name="Configuration properties" doc:id="1a31dc1f-eac4-4a03-99dd-03b9262685bb" file="properties\ctmr-mgmt-customer-out-dev.yaml" />
	<ftp:config name="FTP_Config" doc:name="FTP Config" doc:id="f92baad7-521b-4253-a57f-655774c74d88" >
		<ftp:connection workingDir="/" host="${ftp.host}" username="${ftp.username}" password="${ftp.password}" port="${ftp.port}">
			<reconnection >
				<reconnect frequency="${reconnect.freq}" count="${reconnect.attempts}" />
			</reconnection>
		</ftp:connection>
	</ftp:config>

</mule>
