<?xml version="1.0" encoding="UTF-8"?>

<mule xmlns:ftp="http://www.mulesoft.org/schema/mule/ftp"
	xmlns:file="http://www.mulesoft.org/schema/mule/file"
	xmlns:ee="http://www.mulesoft.org/schema/mule/ee/core" xmlns="http://www.mulesoft.org/schema/mule/core"
	xmlns:doc="http://www.mulesoft.org/schema/mule/documentation"
	xmlns:xsi="http://www.w3.org/2001/XMLSchema-instance" xsi:schemaLocation="
http://www.mulesoft.org/schema/mule/file http://www.mulesoft.org/schema/mule/file/current/mule-file.xsd 
http://www.mulesoft.org/schema/mule/ee/core http://www.mulesoft.org/schema/mule/ee/core/current/mule-ee.xsd http://www.mulesoft.org/schema/mule/core http://www.mulesoft.org/schema/mule/core/current/mule.xsd
http://www.mulesoft.org/schema/mule/ftp http://www.mulesoft.org/schema/mule/ftp/current/mule-ftp.xsd">
	<sub-flow name="sf-clientList" doc:id="d980f00b-1fe3-4e5b-b997-ee2b54b66866" >
		<logger level="INFO" doc:name="LOG {INFO} - Reading the file" doc:id="ffacc271-32a7-4208-aa82-3f50b302c7b2" message="Reading the file"/>						
		<ftp:read doc:name="Read" doc:id="cc33cbb0-77d6-48cc-ac18-af18cf804aee" config-ref="FTP_Config" path="${file.path}"/>
		<ee:transform doc:name="VAR - clientList" doc:id="afcb015c-77e9-4e0f-a1f3-57fe5a691d74">
					<ee:message>
					</ee:message>
			<ee:variables >
				<ee:set-variable resource="dwfunctions/clientList.dwl" variableName="clientList" />
			</ee:variables>
				
</ee:transform>
		<logger level="INFO" doc:name="LOG {INFO} - Validating if file exist or not" doc:id="c0a7c652-1003-43d5-b8bb-cbfaf5ad26c9" message="Validating if file exist or not" />
		<choice doc:name="Validating if file exist or not" doc:id="a582bc5e-358c-487a-af6b-84b36c1e0e67">
			<when expression="#[isEmpty(payload) == true]">
				<ee:transform doc:name="DW - file is empty" doc:id="0ca3ee72-5bc1-4d15-8253-0d246d71fe7a" >
					<ee:message >
						<ee:set-payload resource="dwfunctions/emptyFile.dwl" />
					</ee:message>
				</ee:transform>

			</when>
			<otherwise>
				<ee:transform doc:name="DW - List of Clients" doc:id="4c85fe54-6f7d-435b-8522-c29081fc8c75" >
					<ee:message >
						<ee:set-payload resource="dwfunctions/clientData.dwl" />
					</ee:message>
				</ee:transform>

			</otherwise>
		
</choice>
		<logger level="INFO" doc:name="LOG {INFO} - List of Clients sent as Response" doc:id="3ae3fcac-d310-4f80-b36a-96533bf4ec74" message="List of Clients sent as Response"/>
		
	
</sub-flow>
</mule>
