<?xml version="1.0" encoding="UTF-8"?>
<mule xmlns:doc="http://www.mulesoft.org/schema/mule/documentation" xmlns="http://www.mulesoft.org/schema/mule/core" xmlns:apikit="http://www.mulesoft.org/schema/mule/mule-apikit" xmlns:http="http://www.mulesoft.org/schema/mule/http" xmlns:xsi="http://www.w3.org/2001/XMLSchema-instance" xsi:schemaLocation="http://www.mulesoft.org/schema/mule/core http://www.mulesoft.org/schema/mule/core/current/mule.xsd http://www.mulesoft.org/schema/mule/http http://www.mulesoft.org/schema/mule/http/current/mule-http.xsd http://www.mulesoft.org/schema/mule/mule-apikit http://www.mulesoft.org/schema/mule/mule-apikit/current/mule-apikit.xsd ">
        <flow name="ctmr-mgmt-customer-in-api-main">
        <http:listener config-ref="HTTP_Listener_config" path="${api.basePath}" allowedMethods="POST">
            <http:response statusCode="#[vars.httpStatus default 200]">
                <http:headers><![CDATA[#[vars.outboundHeaders default {}]]]></http:headers>
            </http:response>
            <http:error-response statusCode="#[vars.httpStatus default 500]">
                <http:body><![CDATA[#[payload]]]></http:body>
                <http:headers><![CDATA[#[vars.outboundHeaders default {}]]]></http:headers>
            </http:error-response>
        </http:listener>
        <apikit:router config-ref="${api.name}" doc:id="09dc80ac-b4b0-445d-bd82-c859a0875a9f"/>
    </flow>
    <flow name="post:\in:application\json:ctmr-mgmt-customer-in-api-config">
		<logger level="INFO" doc:name="LOG {INFO} - POST call started" doc:id="9fa1aac3-2ee6-4a59-94db-80824e373b54" message="POST call started"/>
		<set-variable value="#[payload]" doc:name="VAR - initialPayload" doc:id="76d046c5-9198-43e2-a70b-ba3ab287348c" variableName="initialPayload"/>
		<flow-ref doc:name="sf-validation" doc:id="9ec659b8-7cd0-41c9-9be5-17f4c2828051" name="sf-validation"/>
    </flow>
</mule>
