<?xml version="1.0" encoding="UTF-8"?>

<mule xmlns:ee="http://www.mulesoft.org/schema/mule/ee/core"
	xmlns="http://www.mulesoft.org/schema/mule/core" xmlns:doc="http://www.mulesoft.org/schema/mule/documentation"
	xmlns:xsi="http://www.w3.org/2001/XMLSchema-instance"
	xsi:schemaLocation="
http://www.mulesoft.org/schema/mule/ee/core http://www.mulesoft.org/schema/mule/ee/core/current/mule-ee.xsd http://www.mulesoft.org/schema/mule/core http://www.mulesoft.org/schema/mule/core/current/mule.xsd">	
	<error-handler name="error-handler-api">
		<on-error-propagate type="APIKIT:BAD_REQUEST">
			<ee:transform doc:name="DW - error" doc:id="14d6eec5-ef98-40ff-99de-1e2460a88809" >
				<ee:message >
					<ee:set-payload resource="dwfunctionsError/apikitBadRequest.dwl" />
				
</ee:message>
			</ee:transform>

		</on-error-propagate>
		<on-error-propagate type="APIKIT:NOT_FOUND">
			<ee:transform doc:name="DW - error" doc:id="bab24cf1-8c85-41e1-b239-47b9fef59424" >
				<ee:message >
					<ee:set-payload resource="dwfunctionsError/apikitNotFound.dwl" />
				
</ee:message>
			</ee:transform>

		</on-error-propagate>
		<on-error-propagate type="APIKIT:METHOD_NOT_ALLOWED">
			<ee:transform doc:name="DW - error" doc:id="94eeda13-0740-49e1-82c0-61734e9e4d50" >
				<ee:message >
					<ee:set-payload resource="dwfunctionsError/apikitMethodNotAllowed.dwl" />
				
</ee:message>
			</ee:transform>

		</on-error-propagate>
		<on-error-propagate type="APIKIT:NOT_ACCEPTABLE">
			<ee:transform doc:name="DW - error" doc:id="ede3fc4a-1402-4219-aa35-d739a0ebcf81" >
				<ee:message >
					<ee:set-payload resource="dwfunctionsError/apikitNotAcceptable.dwl" />
				
</ee:message>
			</ee:transform>

		</on-error-propagate>
		<on-error-propagate type="APIKIT:UNSUPPORTED_MEDIA_TYPE">
			<ee:transform doc:name="DW - error" doc:id="f27315cd-d809-4132-9b77-9e1c1dca0e05" >
				<ee:message >
					<ee:set-payload resource="dwfunctionsError/apikitUnsupportedMediaType.dwl" />
				
</ee:message>
			</ee:transform>

		</on-error-propagate>
		<on-error-propagate type="APIKIT:NOT_IMPLEMENTED"
			doc:name="On Error Propagate" enableNotifications="true"
			logException="true">
			<ee:transform doc:name="DW - error" doc:id="f1cea3d0-0027-40e9-9dfe-eb92735fe8bb" >
				<ee:message >
					<ee:set-payload resource="dwfunctionsError/apikitNotImplemented.dwl" />
				
</ee:message>
			</ee:transform>

		</on-error-propagate>
		<on-error-propagate enableNotifications="true" logException="true" doc:name="On Error Propagate" doc:id="42a0b21c-f8b8-4e1e-b253-5291dac56944" type="HTTP:BAD_REQUEST, HTTP:CLIENT_SECURITY, HTTP:CONNECTIVITY, HTTP:FORBIDDEN, HTTP:INTERNAL_SERVER_ERROR, HTTP:METHOD_NOT_ALLOWED, HTTP:NOT_ACCEPTABLE, HTTP:NOT_FOUND, HTTP:PARSING, HTTP:RETRY_EXHAUSTED, HTTP:SERVICE_UNAVAILABLE, HTTP:TIMEOUT, HTTP:TOO_MANY_REQUESTS, HTTP:UNAUTHORIZED, HTTP:UNSUPPORTED_MEDIA_TYPE">
			<ee:transform doc:name="DW - error" doc:id="d06baeb2-aed4-4029-abb3-ff8500157304" >
				<ee:message >
					<ee:set-payload resource="dwfunctionsError/httpError.dwl" />
				
</ee:message>
			</ee:transform>

		</on-error-propagate>	
		<on-error-propagate enableNotifications="true" logException="true" doc:name="On Error Propagate" doc:id="66534db8-8c6f-485c-a00b-54e00419c10b" type="ANY">
			<ee:transform doc:name="DW - error" doc:id="d40c098a-31d8-42d4-a263-89c3a15872db" >
				<ee:message >
					<ee:set-payload resource="dwfunctionsError/apikitErrorOccured.dwl" />
				
</ee:message>
			</ee:transform>

		</on-error-propagate>
		

	</error-handler>
	
</mule>
