<?xml version="1.0" encoding="UTF-8"?>

<mule xmlns:ftp="http://www.mulesoft.org/schema/mule/ftp"
	xmlns:apikit="http://www.mulesoft.org/schema/mule/mule-apikit"
	xmlns:http="http://www.mulesoft.org/schema/mule/http"
	xmlns:file="http://www.mulesoft.org/schema/mule/file" xmlns="http://www.mulesoft.org/schema/mule/core"
	xmlns:doc="http://www.mulesoft.org/schema/mule/documentation"
	xmlns:xsi="http://www.w3.org/2001/XMLSchema-instance" xsi:schemaLocation="
http://www.mulesoft.org/schema/mule/mule-apikit http://www.mulesoft.org/schema/mule/mule-apikit/current/mule-apikit.xsd 
http://www.mulesoft.org/schema/mule/http http://www.mulesoft.org/schema/mule/http/current/mule-http.xsd 
http://www.mulesoft.org/schema/mule/file http://www.mulesoft.org/schema/mule/file/current/mule-file.xsd http://www.mulesoft.org/schema/mule/core http://www.mulesoft.org/schema/mule/core/current/mule.xsd
http://www.mulesoft.org/schema/mule/ftp http://www.mulesoft.org/schema/mule/ftp/current/mule-ftp.xsd">
	<http:listener-config name="HTTP_Listener_config" doc:name="HTTP Listener config" doc:id="0fe5bcbe-d60f-4fa9-a0c0-297b571c8156" >
		<http:listener-connection host="${http.host}" port="${http.port}">
			<reconnection >
				<reconnect frequency="${reconnect.freq}" count="${reconnect.attempts}" />
			</reconnection>
		</http:listener-connection>
	</http:listener-config>
	<apikit:config name="${api.name}" api="ctmr-mgmt-customer-in-api.raml" outboundHeadersMapName="outboundHeaders" httpStatusVarName="httpStatus" />
	<configuration doc:name="Configuration" doc:id="b897ad5e-7635-4bb1-b20a-94946c1b8857" defaultErrorHandler-ref="error-handler-api" />
	<configuration-properties doc:name="Configuration properties" doc:id="bce96c72-8898-488d-8650-f9a5edd8fbec" file="properties\ctmr-mgmt-customer-in-dev.yaml" />
	<ftp:config name="FTP_Config" doc:name="FTP Config" doc:id="96a8f702-3cd2-431e-bf20-0af47be2234b" >
		<ftp:connection workingDir="/" host="${ftp.host}" username="${ftp.username}" password="${ftp.password}" port="${ftp.port}"/>
	</ftp:config>
		

</mule>
