<?xml version="1.0" encoding="UTF-8"?>

<mule xmlns:ftp="http://www.mulesoft.org/schema/mule/ftp" xmlns:file="http://www.mulesoft.org/schema/mule/file"
	xmlns:ee="http://www.mulesoft.org/schema/mule/ee/core"
	xmlns:http="http://www.mulesoft.org/schema/mule/http" xmlns="http://www.mulesoft.org/schema/mule/core" xmlns:doc="http://www.mulesoft.org/schema/mule/documentation" xmlns:xsi="http://www.w3.org/2001/XMLSchema-instance" xsi:schemaLocation="http://www.mulesoft.org/schema/mule/core http://www.mulesoft.org/schema/mule/core/current/mule.xsd
http://www.mulesoft.org/schema/mule/http http://www.mulesoft.org/schema/mule/http/current/mule-http.xsd
http://www.mulesoft.org/schema/mule/ee/core http://www.mulesoft.org/schema/mule/ee/core/current/mule-ee.xsd
http://www.mulesoft.org/schema/mule/file http://www.mulesoft.org/schema/mule/file/current/mule-file.xsd
http://www.mulesoft.org/schema/mule/ftp http://www.mulesoft.org/schema/mule/ftp/current/mule-ftp.xsd">
	<sub-flow name="sf-validation" doc:id="8e71a60d-e356-41f4-b366-1417e83ece0d" >
		<logger level="INFO" doc:name="Payload Received for validation" doc:id="aad53f26-800f-4554-8465-f359038c814a" message="Payload Received for validation"/>
		<choice doc:name="Required field validation" doc:id="d835c09e-469b-4ee5-855a-3b14cc7b8e28" >
			<when expression="#[isEmpty(vars.initialPayload.Customer.First_Name) == false and isEmpty(vars.initialPayload.Customer.Last_Name) == false and isEmpty(vars.initialPayload.Customer.BirthDate) == false]">
				<flow-ref doc:name="sf-recordsCreation" doc:id="ceccfdd3-20ac-4010-94ae-9f8be9f2569d" name="sf-recordsCreation"/>
			</when>
			<otherwise >
				<ee:transform doc:name="DW - errorResponse" doc:id="ad389be9-43d8-498e-8502-d5b5e12db161" >
					<ee:message >
						<ee:set-payload resource="dwfunctions/errorResponse.dwl" />
					</ee:message>
				</ee:transform>
				<logger level="INFO" doc:name="One of the three required fields is empty" doc:id="ca102c31-94c7-4a3d-926e-a2c7fbd58993" message="#[payload]"/>
			</otherwise>
		</choice>
	</sub-flow>
	<sub-flow name="sf-recordsCreation" doc:id="5f142100-926a-4293-ba52-16c6b3f3cf8d">
		<ee:transform doc:name="VAR clientKey" doc:id="0710ed9f-9aa2-4768-9a3c-f1dcdc398025">
			<ee:message>
			</ee:message>
			<ee:variables>
				<ee:set-variable resource="dwfunctions/clientKey.dwl" variableName="clientKey" />
			</ee:variables>
		</ee:transform>
		<try doc:name="Try" doc:id="ea53e200-57b6-473f-9a91-053a43b690df">
			<ftp:read doc:name="Read" doc:id="2060dacb-968e-4261-b978-4a95e0084789" config-ref="FTP_Config" path="${file.path}"/>
			<error-handler>
				<on-error-continue enableNotifications="true" logException="true" doc:name="On Error Continue" doc:id="6335dc98-6e91-4aff-8894-22d16f0036f9" type="FTP:ILLEGAL_PATH">
					<logger level="INFO" doc:name="LOG {INFO} - file doesn't exist" doc:id="1f00f43a-c735-4cf4-9e60-ed829904670e" message="file doesn't exist" />
					<set-payload value="#[null]" doc:name="Setting Payload to null" doc:id="541fb5b9-b9d8-4a3b-aee3-bf18d41e155f" />
				</on-error-continue>
			</error-handler>
		</try>
		<logger level="INFO" doc:name="LOG {INFO} - Validating if file exist or not" doc:id="ab2c3dfd-3ece-41e9-a580-37c3efcb7dda" message="Validating if file exist or not" />
		<choice doc:name="Validating if file exist or not" doc:id="59a0e3c2-8649-46f0-af3d-2288ff44ddff">
			<when expression="#[isEmpty(payload) == true]">
				<ee:transform doc:name="DW - With Header" doc:id="ca083223-e3d4-4f16-993e-17e9e20506a4">
			<ee:message>
						<ee:set-payload resource="dwfunctions/withHeader.dwl" />
			</ee:message>
		</ee:transform>
			</when>
			<otherwise>
				<ee:transform doc:name="DW - Without Header" doc:id="33e40047-d34b-4396-8c5e-a00d647275c7">
					<ee:message>
						<ee:set-payload resource="dwfunctions/withoutHeader.dwl" />
					</ee:message>
				</ee:transform>
			</otherwise>
		</choice>
		<logger level="INFO" doc:name="LOG {INFO} - Creating new record" doc:id="3442fc00-1aa6-40be-bed1-effa7407564e" message="Creating new record for #[vars.clientKey]" />
		<ftp:write doc:name="Write" doc:id="e37f8102-bcd2-40b5-891e-2fcf815644ca" config-ref="FTP_Config" path="${file.path}" mode="APPEND"/>
		<ee:transform doc:name="DW - Response" doc:id="9010f85a-e3b1-4011-9919-27b867b546b6">
			<ee:message>
				<ee:set-payload resource="dwfunctions/response.dwl" />
			</ee:message>
		</ee:transform>
		<logger level="INFO" doc:name="LOG {INFO} - New record generated successfully" doc:id="627ba3d5-8bf7-4191-a6bd-fc2c8c26e3da" message="New record #[vars.clientKey] generated successfully" />
	</sub-flow>
</mule>
