<?xml version="1.0" encoding="UTF-8"?>
<mule xmlns:doc="http://www.mulesoft.org/schema/mule/documentation" xmlns="http://www.mulesoft.org/schema/mule/core" xmlns:apikit="http://www.mulesoft.org/schema/mule/mule-apikit" xmlns:http="http://www.mulesoft.org/schema/mule/http" xmlns:xsi="http://www.w3.org/2001/XMLSchema-instance" xsi:schemaLocation="http://www.mulesoft.org/schema/mule/core http://www.mulesoft.org/schema/mule/core/current/mule.xsd http://www.mulesoft.org/schema/mule/http http://www.mulesoft.org/schema/mule/http/current/mule-http.xsd http://www.mulesoft.org/schema/mule/mule-apikit http://www.mulesoft.org/schema/mule/mule-apikit/current/mule-apikit.xsd ">
        <flow name="ctmr-mgmt-customer-delete-api-main">
        <http:listener config-ref="ctmr-mgmt-customer-delete-api-httpListenerConfig" path="${api.basePath}">
            <http:response statusCode="#[vars.httpStatus default 200]">
                <http:headers><![CDATA[#[vars.outboundHeaders default {}]]]></http:headers>
            </http:response>
            <http:error-response statusCode="#[vars.httpStatus default 500]">
                <http:body><![CDATA[#[payload]]]></http:body>
                <http:headers><![CDATA[#[vars.outboundHeaders default {}]]]></http:headers>
            </http:error-response>
        </http:listener>
        <apikit:router config-ref="${api.name}" />
    </flow>
    <flow name="delete:\delete:ctmr-mgmt-customer-delete-api-config">
		<logger level="INFO" doc:name="LOG {INFO} - Delete Record flow started" doc:id="d3f26f9a-ec44-4405-b288-866ee0e1d61b" message="Delete Record flow started"/>
		<flow-ref doc:name="sf-deleteRecord" doc:id="f24bf699-f3ce-4d72-a131-37dc926e0a82" name="sf-deleteRecord"/>
    </flow>
</mule>
