<?xml version="1.0" encoding="UTF-8"?>

<mule xmlns:ee="http://www.mulesoft.org/schema/mule/ee/core"
	xmlns="http://www.mulesoft.org/schema/mule/core" xmlns:doc="http://www.mulesoft.org/schema/mule/documentation"
	xmlns:xsi="http://www.w3.org/2001/XMLSchema-instance"
	xsi:schemaLocation="
http://www.mulesoft.org/schema/mule/ee/core http://www.mulesoft.org/schema/mule/ee/core/current/mule-ee.xsd http://www.mulesoft.org/schema/mule/core http://www.mulesoft.org/schema/mule/core/current/mule.xsd">	
	<error-handler name="error-handler-api">
		<on-error-propagate enableNotifications="true" logException="true" doc:name="On Error Propagate" doc:id="55ad977a-4b03-4c6f-8a13-8fd2fcf1efb9" type="FTP:ILLEGAL_PATH">
					<logger level="INFO" doc:name="LOG {INFO} - file doesn't exist" doc:id="6050d2e1-3e19-441a-abee-e7b50587658e" message="file doesn't exist" />
					<ee:transform doc:name="DW - File doesn't exist" doc:id="da818b3d-ec0e-4ead-8b1a-70199737342f">
						<ee:message>
					<ee:set-payload resource="dwfunctionsError/emptyFile.dwl" />
						
</ee:message>
					</ee:transform>
				</on-error-propagate>
		
<on-error-propagate type="APIKIT:BAD_REQUEST">
			<ee:transform doc:name="DW - error" doc:id="5469ffa2-a3bc-4707-a8b5-8f81acc25d2c" >
				<ee:message >
					<ee:set-payload resource="dwfunctionsError/apikitBadRequest.dwl" />
				

</ee:message>
			</ee:transform>

		</on-error-propagate>
		<on-error-propagate type="APIKIT:NOT_FOUND">
			<ee:transform doc:name="DW - error" doc:id="fb884c4d-ed6f-4cc5-a59a-63b4a84f19a4" >
				<ee:message >
					<ee:set-payload resource="dwfunctionsError/apikitNotFound.dwl" />
				
</ee:message>
			</ee:transform>

		</on-error-propagate>
		<on-error-propagate type="APIKIT:METHOD_NOT_ALLOWED">
			<ee:transform doc:name="DW - error" doc:id="efb3fd8b-eadf-4811-8725-f33bc69ca403" >
				<ee:message >
					<ee:set-payload resource="dwfunctionsError/apikitMethodNotAllowed.dwl" />
				
</ee:message>
			</ee:transform>

		</on-error-propagate>
		<on-error-propagate type="APIKIT:NOT_ACCEPTABLE">
			<ee:transform doc:name="DW - error" doc:id="7495d0f4-c16d-4eab-be24-c0118d469a9a" >
				<ee:message >
					<ee:set-payload resource="dwfunctionsError/apikitNotAcceptable.dwl" />
				
</ee:message>
			</ee:transform>

		</on-error-propagate>
		<on-error-propagate type="APIKIT:UNSUPPORTED_MEDIA_TYPE">
			<ee:transform doc:name="DW - error" doc:id="e2cc9def-004f-4efd-a1ce-5acbcc82fbf7" >
				<ee:message >
					<ee:set-payload resource="dwfunctionsError/apikitUnsupportedMediaType.dwl" />
				
</ee:message>
			</ee:transform>

		</on-error-propagate>
		<on-error-propagate type="APIKIT:NOT_IMPLEMENTED"
			doc:name="On Error Propagate" enableNotifications="true"
			logException="true">
			<ee:transform doc:name="DW - error" doc:id="50121e67-3d4b-4da8-a481-911e58ac0ae0" >
				<ee:message >
					<ee:set-payload resource="dwfunctionsError/apikitNotImplemented.dwl" />
				
</ee:message>
			</ee:transform>

		</on-error-propagate>
		<on-error-propagate enableNotifications="true" logException="true" doc:name="On Error Propagate" doc:id="64362069-e84b-4be4-8d44-78ed2315bdcf" type="HTTP:BAD_REQUEST, HTTP:CLIENT_SECURITY, HTTP:CONNECTIVITY, HTTP:FORBIDDEN, HTTP:INTERNAL_SERVER_ERROR, HTTP:METHOD_NOT_ALLOWED, HTTP:NOT_ACCEPTABLE, HTTP:NOT_FOUND, HTTP:PARSING, HTTP:RETRY_EXHAUSTED, HTTP:SERVICE_UNAVAILABLE, HTTP:TIMEOUT, HTTP:TOO_MANY_REQUESTS, HTTP:UNAUTHORIZED, HTTP:UNSUPPORTED_MEDIA_TYPE">
			<ee:transform doc:name="DW - error" doc:id="4fd55de5-3498-4b51-aec7-4753dc432ace" >
				<ee:message >
					<ee:set-payload resource="dwfunctionsError/httpError.dwl" />
				
</ee:message>
			</ee:transform>

		</on-error-propagate>	
		<on-error-propagate enableNotifications="true" logException="true" doc:name="On Error Propagate" doc:id="61d9a05c-f596-41a2-9538-bf6a676d360a" type="ANY">
			<ee:transform doc:name="DW - error" doc:id="1ca4f932-26b2-40f9-a652-6fc08c51da6a" >
				<ee:message >
					<ee:set-payload resource="dwfunctionsError/apikitErrorOccured.dwl" />
				
</ee:message>
			</ee:transform>

		</on-error-propagate>

		

	
</error-handler>
	
</mule>
