<?xml version="1.0" encoding="UTF-8"?>

<mule xmlns:ftp="http://www.mulesoft.org/schema/mule/ftp"
	xmlns:apikit="http://www.mulesoft.org/schema/mule/mule-apikit"
	xmlns:http="http://www.mulesoft.org/schema/mule/http"
	xmlns:file="http://www.mulesoft.org/schema/mule/file"
	xmlns="http://www.mulesoft.org/schema/mule/core" xmlns:doc="http://www.mulesoft.org/schema/mule/documentation"
	xmlns:xsi="http://www.w3.org/2001/XMLSchema-instance"
	xsi:schemaLocation="
http://www.mulesoft.org/schema/mule/ftp http://www.mulesoft.org/schema/mule/ftp/current/mule-ftp.xsd 
http://www.mulesoft.org/schema/mule/mule-apikit http://www.mulesoft.org/schema/mule/mule-apikit/current/mule-apikit.xsd 
http://www.mulesoft.org/schema/mule/http http://www.mulesoft.org/schema/mule/http/current/mule-http.xsd 
http://www.mulesoft.org/schema/mule/file http://www.mulesoft.org/schema/mule/file/current/mule-file.xsd http://www.mulesoft.org/schema/mule/core http://www.mulesoft.org/schema/mule/core/current/mule.xsd">
	<http:listener-config name="ctmr-mgmt-customer-delete-api-httpListenerConfig">
        <http:listener-connection host="${http.host}" port="${http.port}" />
    </http:listener-config>
    <apikit:config name="${api.name}" api="ctmr-mgmt-customer-delete-api.raml" outboundHeadersMapName="outboundHeaders" httpStatusVarName="httpStatus" />
	<configuration doc:name="Configuration" doc:id="933e002f-34a3-45a5-a86a-3ed1be5413c9" defaultErrorHandler-ref="error-handler-api" />
	<configuration-properties doc:name="Configuration properties" doc:id="6f9c302b-f7c7-44e9-96f0-94eb5ea55b78" file="properties\ctmr-mgmt-customer-delete-dev.yaml" />
	<ftp:config name="FTP_Config" doc:name="FTP Config" doc:id="688a72ce-cf46-4feb-8f5a-d094ac823f0d" >
		<ftp:connection workingDir="/" host="${ftp.host}" username="${ftp.username}" password="${ftp.password}" port="${ftp.port}">
			<reconnection >
				<reconnect frequency="${reconnect.freq}" count="${reconnect.attempts}" />
			</reconnection>
		</ftp:connection>
	</ftp:config>
	

</mule>
