<?xml version="1.0" encoding="UTF-8"?>

<mule xmlns:ftp="http://www.mulesoft.org/schema/mule/ftp"
	xmlns:ee="http://www.mulesoft.org/schema/mule/ee/core" xmlns:file="http://www.mulesoft.org/schema/mule/file"
	xmlns="http://www.mulesoft.org/schema/mule/core"
	xmlns:doc="http://www.mulesoft.org/schema/mule/documentation" xmlns:xsi="http://www.w3.org/2001/XMLSchema-instance" xsi:schemaLocation="
http://www.mulesoft.org/schema/mule/ee/core http://www.mulesoft.org/schema/mule/ee/core/current/mule-ee.xsd http://www.mulesoft.org/schema/mule/core http://www.mulesoft.org/schema/mule/core/current/mule.xsd
http://www.mulesoft.org/schema/mule/file http://www.mulesoft.org/schema/mule/file/current/mule-file.xsd
http://www.mulesoft.org/schema/mule/ftp http://www.mulesoft.org/schema/mule/ftp/current/mule-ftp.xsd">
	<sub-flow name="sf-deleteRecord" doc:id="19ab6885-e0e8-4075-8e3f-f9b9972d66d1" >
		<set-variable value="#[message.attributes.queryParams.clientKey]" doc:name="VAR - clientKey" doc:id="77306fa6-3264-4fae-b329-907cdcca7b18" variableName="clientKey"/>
		<logger level="INFO" doc:name="LOG {INFO} - Reading the file" doc:id="e19e3e40-5972-4fa9-be74-bfccd7b0a689" message="Reading the file"/>						
		<ftp:read doc:name="Read" doc:id="be38455e-68e8-4b4d-ac1c-cb68b31d87dc" config-ref="FTP_Config" path="${file.path}"/>
		<ee:transform doc:name="DW - clientList" doc:id="140489d3-87ab-4c6a-a9b5-a59b1081c4e6">
					<ee:message>
				<ee:set-payload resource="dwfunctions/clientList.dwl" />

					</ee:message>
			<ee:variables >
			</ee:variables>
				
</ee:transform>
		<logger level="INFO" doc:name="LOG {INFO} - Validating if client exist or not" doc:id="5f313b23-4c3a-4bdd-8cad-182840f97194" message="Validating if client exist in the file or not" />
		<choice doc:name="Validating if client exist or not" doc:id="76078cff-3130-4d58-8f57-cd651738ab24">
			<when expression='#[(payload."Client Key" contains (vars.clientKey)) == true]'>
				<flow-ref doc:name="sf-delete" doc:id="0546d64e-7119-4b22-ac1d-f34806d36ac4" name="sf-delete"/>

			
</when>
			<otherwise>
				<ee:transform doc:name="DW - Client does not exist" doc:id="b2e6af07-b6a2-41c4-bd1c-32016b8b7759">
					<ee:message>
						<ee:set-payload resource="dwfunctions/emptyResponse.dwl" />
					
</ee:message>
				</ee:transform>

			
</otherwise>
		
</choice>
	</sub-flow>
	<sub-flow name="sf-delete" doc:id="43ae889c-cb1e-4f70-a379-4f7106622e14" >
		<logger level="INFO" doc:name="LOG {INFO} - Deleting the record" doc:id="89b200bd-bfe7-409e-a206-8e519dd7ac13" message="Deleting the record"/>
		<ee:transform doc:name="DW - Records after deleting" doc:id="df8610a1-80d2-4b86-a8a7-aa1196232a23" >
			<ee:message >
				<ee:set-payload resource="dwfunctions/recordDelete.dwl" />
			</ee:message>
			<ee:variables >
			</ee:variables>
		</ee:transform>
		<logger level="INFO" doc:name="LOG {INFO} - Record removed from the list" doc:id="d6fc59d5-717d-446f-b939-9d951367dbe0" message="Record removed from the list"/>
		<ee:transform doc:name="DW - write payload" doc:id="0af36135-3f75-4213-a1d8-a80c9fc75483" >
			<ee:message >
				<ee:set-payload resource="dwfunctions/overwrite.dwl" />
			</ee:message>
		</ee:transform>
		<logger level="INFO" doc:name="LOG {INFO} - Writing the updated list in the file" doc:id="ff6a819f-d26e-430c-89fc-aae746eb5755" message="Writing the updated list in the file"/>
		<ftp:write doc:name="Write" doc:id="a0cadb24-d61e-44a7-95f1-6dcc882da14d" config-ref="FTP_Config" path="${file.path}"/>
		<ee:transform doc:name="DW - Success Resp" doc:id="512feba7-0651-425a-8749-59aa82481d05" >
			<ee:message >
				<ee:set-payload resource="dwfunctions/successResponse.dwl" />
			</ee:message>
		</ee:transform>
		<logger level="INFO" doc:name="LOG {INFO} - Writing the updated list in the file" doc:id="e121cffb-1c61-43f9-a276-bc277e4ca6a1" message="Writing the updated list in the file"/>
	</sub-flow>
</mule>
